,Brutto Monat,Brutto Jahr,Geldwerter Vorteil Monat,Geldwerter Vorteil Jahr,Solidaritätszuschlag Monat,Solidaritätszuschlag Jahr,Kirchensteuer Monat,Kirchensteuer Jahr,Lohnsteuer Monat,Lohnsteuer Jahr,Steuern Monat,Steuern Jahr,Rentenversicherung Monat,Rentenversicherung Jahr,Arbeitslosenversicherung Monat,Arbeitslosenversicherung Jahr,Krankenversicherung Monat,Krankenversicherung Jahr,Pflegeversicherung Monat,Pflegeversicherung Jahr,Sozialabgaben Monat,Sozialabgaben Jahr,Netto Monat,Netto Jahr,Steuerklasse,Abrechnungsjahr
Values,2500.0,30000.0,0.0,0.0,0.0,0.0,0.0,0.0,228.83,2745.96,228.83,2745.96,232.5,2790.0,32.5,390.0,203.75,2445.0,46.88,562.5,515.63,6187.5,1755.55,21066.54,1,2023
Values,2500.0,30000.0,0.0,0.0,0.0,0.0,0.0,0.0,13.66,163.92,13.66,163.92,232.5,2790.0,32.5,390.0,203.75,2445.0,46.88,562.5,515.63,6187.5,1970.72,23648.58,3,2023
Values,2500.0,30000.0,0.0,0.0,0.0,0.0,0.0,0.0,208.41,2500.92,208.41,2500.92,232.5,2790.0,32.5,390.0,203.75,2445.0,57.5,690.0,526.25,6315.0,1765.34,21184.08,1,2024
Values,2500.0,30000.0,0.0,0.0,0.0,0.0,0.0,0.0,0.0,0.0,0.0,0.0,232.5,2790.0,32.5,390.0,203.75,2445.0,57.5,690.0,526.25,6315.0,1973.75,23685.0,3,2024
Values,2583.33,31000.0,0.0,0.0,0.0,0.0,0.0,0.0,246.91,2962.92,246.91,2962.92,240.25,2883.0,33.58,403.0,210.54,2526.5,48.44,581.25,532.81,6393.75,1803.61,21643.33,1,2023
Values,2583.33,31000.0,0.0,0.0,0.0,0.0,0.0,0.0,25.16,301.92,25.16,301.92,240.25,2883.0,33.58,403.0,210.54,2526.5,48.44,581.25,532.81,6393.75,2025.36,24304.33,3,2023
Values,2583.33,31000.0,0.0,0.0,0.0,0.0,0.0,0.0,226.0,2712.0,226.0,2712.0,240.25,2883.0,33.58,403.0,210.54,2526.5,59.42,713.0,543.79,6525.5,1813.54,21762.5,1,2024
Values,2583.33,31000.0,0.0,0.0,0.0,0.0,0.0,0.0,5.83,69.96,5.83,69.96,240.25,2883.0,33.58,403.0,210.54,2526.5,59.42,713.0,543.79,6525.5,2033.71,24404.54,3,2024
Values,2666.67,32000.0,0.0,0.0,0.0,0.0,0.0,0.0,265.16,3181.92,265.16,3181.92,248.0,2976.0,34.67,416.0,217.33,2608.0,50.0,600.0,550.0,6600.0,1851.51,22218.08,1,2023
Values,2666.67,32000.0,0.0,0.0,0.0,0.0,0.0,0.0,36.16,433.92,36.16,433.92,248.0,2976.0,34.67,416.0,217.33,2608.0,50.0,600.0,550.0,6600.0,2080.51,24966.08,3,2023
Values,2666.67,32000.0,0.0,0.0,0.0,0.0,0.0,0.0,243.83,2925.96,243.83,2925.96,248.0,2976.0,34.67,416.0,217.33,2608.0,61.33,736.0,561.33,6736.0,1861.5,22338.04,1,2024
Values,2666.67,32000.0,0.0,0.0,0.0,0.0,0.0,0.0,15.66,187.92,15.66,187.92,248.0,2976.0,34.67,416.0,217.33,2608.0,61.33,736.0,561.33,6736.0,2089.67,25076.08,3,2024
Values,2750.0,33000.0,0.0,0.0,0.0,0.0,0.0,0.0,283.75,3405.0,283.75,3405.0,255.75,3069.0,35.75,429.0,224.13,2689.5,51.56,618.75,567.19,6806.25,1899.06,22788.75,1,2023
Values,2750.0,33000.0,0.0,0.0,0.0,0.0,0.0,0.0,47.83,573.96,47.83,573.96,255.75,3069.0,35.75,429.0,224.13,2689.5,51.56,618.75,567.19,6806.25,2134.98,25619.79,3,2023
Values,2750.0,33000.0,0.0,0.0,0.0,0.0,0.0,0.0,261.83,3141.96,261.83,3141.96,255.75,3069.0,35.75,429.0,224.13,2689.5,63.25,759.0,578.88,6946.5,1909.3,22911.54,1,2024
Values,2750.0,33000.0,0.0,0.0,0.0,0.0,0.0,0.0,26.16,313.92,26.16,313.92,255.75,3069.0,35.75,429.0,224.13,2689.5,63.25,759.0,578.88,6946.5,2144.97,25739.58,3,2024
Values,2833.33,34000.0,0.0,0.0,0.0,0.0,0.0,0.0,302.5,3630.0,302.5,3630.0,263.5,3162.0,36.83,442.0,230.92,2771.0,53.13,637.5,584.38,7012.5,1946.46,23357.5,1,2023
Values,2833.33,34000.0,0.0,0.0,0.0,0.0,0.0,0.0,59.83,717.96,59.83,717.96,263.5,3162.0,36.83,442.0,230.92,2771.0,53.13,637.5,584.38,7012.5,2189.13,26269.54,3,2023
Values,2833.33,34000.0,0.0,0.0,0.0,0.0,0.0,0.0,280.08,3360.96,280.08,3360.96,263.5,3162.0,36.83,442.0,230.92,2771.0,65.17,782.0,596.42,7157.0,1956.84,23482.04,1,2024
Values,2833.33,34000.0,0.0,0.0,0.0,0.0,0.0,0.0,37.16,445.92,37.16,445.92,263.5,3162.0,36.83,442.0,230.92,2771.0,65.17,782.0,596.42,7157.0,2199.76,26397.08,3,2024
Values,2916.67,35000.0,0.0,0.0,0.0,0.0,0.0,0.0,321.41,3856.92,321.41,3856.92,271.25,3255.0,37.92,455.0,237.71,2852.5,54.69,656.25,601.56,7218.75,1993.69,23924.33,1,2023
Values,2916.67,35000.0,0.0,0.0,0.0,0.0,0.0,0.0,72.5,870.0,72.5,870.0,271.25,3255.0,37.92,455.0,237.71,2852.5,54.69,656.25,601.56,7218.75,2242.6,26911.25,3,2023
Values,2916.67,35000.0,0.0,0.0,0.0,0.0,0.0,0.0,298.41,3580.92,298.41,3580.92,271.25,3255.0,37.92,455.0,237.71,2852.5,67.08,805.0,613.96,7367.5,2004.3,24051.58,1,2024
Values,2916.67,35000.0,0.0,0.0,0.0,0.0,0.0,0.0,48.5,582.0,48.5,582.0,271.25,3255.0,37.92,455.0,237.71,2852.5,67.08,805.0,613.96,7367.5,2254.21,27050.5,3,2024
Values,3000.0,36000.0,0.0,0.0,0.0,0.0,0.0,0.0,340.58,4086.96,340.58,4086.96,279.0,3348.0,39.0,468.0,244.5,2934.0,56.25,675.0,618.75,7425.0,2040.67,24488.04,1,2023
Values,3000.0,36000.0,0.0,0.0,0.0,0.0,0.0,0.0,85.66,1027.92,85.66,1027.92,279.0,3348.0,39.0,468.0,244.5,2934.0,56.25,675.0,618.75,7425.0,2295.59,27547.08,3,2023
Values,3000.0,36000.0,0.0,0.0,0.0,0.0,0.0,0.0,317.08,3804.96,317.08,3804.96,279.0,3348.0,39.0,468.0,244.5,2934.0,69.0,828.0,631.5,7578.0,2051.42,24617.04,1,2024
Values,3000.0,36000.0,0.0,0.0,0.0,0.0,0.0,0.0,60.5,726.0,60.5,726.0,279.0,3348.0,39.0,468.0,244.5,2934.0,69.0,828.0,631.5,7578.0,2308.0,27696.0,3,2024
Values,3083.33,37000.0,0.0,0.0,0.0,0.0,0.0,0.0,359.91,4318.92,359.91,4318.92,286.75,3441.0,40.08,481.0,251.29,3015.5,57.81,693.75,635.94,7631.25,2087.49,25049.83,1,2023
Values,3083.33,37000.0,0.0,0.0,0.0,0.0,0.0,0.0,99.5,1194.0,99.5,1194.0,286.75,3441.0,40.08,481.0,251.29,3015.5,57.81,693.75,635.94,7631.25,2347.9,28174.75,3,2023
Values,3083.33,37000.0,0.0,0.0,0.0,0.0,0.0,0.0,335.83,4029.96,335.83,4029.96,286.75,3441.0,40.08,481.0,251.29,3015.5,70.92,851.0,649.04,7788.5,2098.46,25181.54,1,2024
Values,3083.33,37000.0,0.0,0.0,0.0,0.0,0.0,0.0,73.0,876.0,73.0,876.0,286.75,3441.0,40.08,481.0,251.29,3015.5,70.92,851.0,649.04,7788.5,2361.29,28335.5,3,2024
Values,3166.67,38000.0,0.0,0.0,0.0,0.0,0.0,0.0,379.5,4554.0,379.5,4554.0,294.5,3534.0,41.17,494.0,258.08,3097.0,59.38,712.5,653.13,7837.5,2134.04,25608.5,1,2023
Values,3166.67,38000.0,0.0,0.0,0.0,0.0,0.0,0.0,113.66,1363.92,113.66,1363.92,294.5,3534.0,41.17,494.0,258.08,3097.0,59.38,712.5,653.13,7837.5,2399.88,28798.58,3,2023
Values,3166.67,38000.0,0.0,0.0,0.0,0.0,0.0,0.0,354.83,4257.96,354.83,4257.96,294.5,3534.0,41.17,494.0,258.08,3097.0,72.83,874.0,666.58,7999.0,2145.25,25743.04,1,2024
Values,3166.67,38000.0,0.0,0.0,0.0,0.0,0.0,0.0,86.0,1032.0,86.0,1032.0,294.5,3534.0,41.17,494.0,258.08,3097.0,72.83,874.0,666.58,7999.0,2414.08,28969.0,3,2024
Values,3250.0,39000.0,0.0,0.0,0.0,0.0,0.0,0.0,399.33,4791.96,399.33,4791.96,302.25,3627.0,42.25,507.0,264.88,3178.5,60.94,731.25,670.31,8043.75,2180.36,26164.29,1,2023
Values,3250.0,39000.0,0.0,0.0,0.0,0.0,0.0,0.0,128.5,1542.0,128.5,1542.0,302.25,3627.0,42.25,507.0,264.88,3178.5,60.94,731.25,670.31,8043.75,2451.19,29414.25,3,2023
Values,3250.0,39000.0,0.0,0.0,0.0,0.0,0.0,0.0,374.0,4488.0,374.0,4488.0,302.25,3627.0,42.25,507.0,264.88,3178.5,74.75,897.0,684.13,8209.5,2191.88,26302.5,1,2024
Values,3250.0,39000.0,0.0,0.0,0.0,0.0,0.0,0.0,99.33,1191.96,99.33,1191.96,302.25,3627.0,42.25,507.0,264.88,3178.5,74.75,897.0,684.13,8209.5,2466.55,29598.54,3,2024
Values,3333.33,40000.0,0.0,0.0,0.0,0.0,0.0,0.0,419.33,5031.96,419.33,5031.96,310.0,3720.0,43.33,520.0,271.67,3260.0,62.5,750.0,687.5,8250.0,2226.5,26718.04,1,2023
Values,3333.33,40000.0,0.0,0.0,0.0,0.0,0.0,0.0,143.83,1725.96,143.83,1725.96,310.0,3720.0,43.33,520.0,271.67,3260.0,62.5,750.0,687.5,8250.0,2502.0,30024.04,3,2023
Values,3333.33,40000.0,0.0,0.0,0.0,0.0,0.0,0.0,393.41,4720.92,393.41,4720.92,310.0,3720.0,43.33,520.0,271.67,3260.0,76.67,920.0,701.67,8420.0,2238.26,26859.08,1,2024
Values,3333.33,40000.0,0.0,0.0,0.0,0.0,0.0,0.0,113.33,1359.96,113.33,1359.96,310.0,3720.0,43.33,520.0,271.67,3260.0,76.67,920.0,701.67,8420.0,2518.34,30220.04,3,2024
Values,3416.67,41000.0,0.0,0.0,0.0,0.0,0.0,0.0,439.5,5274.0,439.5,5274.0,317.75,3813.0,44.42,533.0,278.46,3341.5,64.06,768.75,704.69,8456.25,2272.48,27269.75,1,2023
Values,3416.67,41000.0,0.0,0.0,0.0,0.0,0.0,0.0,159.66,1915.92,159.66,1915.92,317.75,3813.0,44.42,533.0,278.46,3341.5,64.06,768.75,704.69,8456.25,2552.32,30627.83,3,2023
Values,3416.67,41000.0,0.0,0.0,0.0,0.0,0.0,0.0,413.0,4956.0,413.0,4956.0,317.75,3813.0,44.42,533.0,278.46,3341.5,78.58,943.0,719.21,8630.5,2284.46,27413.5,1,2024
Values,3416.67,41000.0,0.0,0.0,0.0,0.0,0.0,0.0,127.83,1533.96,127.83,1533.96,317.75,3813.0,44.42,533.0,278.46,3341.5,78.58,943.0,719.21,8630.5,2569.63,30835.54,3,2024
Values,3500.0,42000.0,0.0,0.0,0.0,0.0,0.0,0.0,460.0,5520.0,460.0,5520.0,325.5,3906.0,45.5,546.0,285.25,3423.0,65.63,787.5,721.88,8662.5,2318.13,27817.5,1,2023
Values,3500.0,42000.0,0.0,0.0,0.0,0.0,0.0,0.0,175.83,2109.96,175.83,2109.96,325.5,3906.0,45.5,546.0,285.25,3423.0,65.63,787.5,721.88,8662.5,2602.3,31227.54,3,2023
Values,3500.0,42000.0,0.0,0.0,0.0,0.0,0.0,0.0,432.75,5193.0,432.75,5193.0,325.5,3906.0,45.5,546.0,285.25,3423.0,80.5,966.0,736.75,8841.0,2330.5,27966.0,1,2024
Values,3500.0,42000.0,0.0,0.0,0.0,0.0,0.0,0.0,142.66,1711.92,142.66,1711.92,325.5,3906.0,45.5,546.0,285.25,3423.0,80.5,966.0,736.75,8841.0,2620.59,31447.08,3,2024
Values,3583.33,43000.0,0.0,0.0,0.0,0.0,0.0,0.0,480.58,5766.96,480.58,5766.96,333.25,3999.0,46.58,559.0,292.04,3504.5,67.19,806.25,739.06,8868.75,2363.69,28364.29,1,2023
Values,3583.33,43000.0,0.0,0.0,0.0,0.0,0.0,0.0,192.16,2305.92,192.16,2305.92,333.25,3999.0,46.58,559.0,292.04,3504.5,67.19,806.25,739.06,8868.75,2652.11,31825.33,3,2023
Values,3583.33,43000.0,0.0,0.0,0.0,0.0,0.0,0.0,452.75,5433.0,452.75,5433.0,333.25,3999.0,46.58,559.0,292.04,3504.5,82.42,989.0,754.29,9051.5,2376.29,28515.5,1,2024
Values,3583.33,43000.0,0.0,0.0,0.0,0.0,0.0,0.0,158.16,1897.92,158.16,1897.92,333.25,3999.0,46.58,559.0,292.04,3504.5,82.42,989.0,754.29,9051.5,2670.88,32050.58,3,2024
Values,3666.67,44000.0,0.0,0.0,0.0,0.0,0.0,0.0,501.41,6016.92,501.41,6016.92,341.0,4092.0,47.67,572.0,298.83,3586.0,68.75,825.0,756.25,9075.0,2409.01,28908.08,1,2023
Values,3666.67,44000.0,0.0,0.0,0.0,0.0,0.0,0.0,208.66,2503.92,208.66,2503.92,341.0,4092.0,47.67,572.0,298.83,3586.0,68.75,825.0,756.25,9075.0,2701.76,32421.08,3,2023
Values,3666.67,44000.0,0.0,0.0,0.0,0.0,0.0,0.0,472.91,5674.92,472.91,5674.92,341.0,4092.0,47.67,572.0,298.83,3586.0,84.33,1012.0,771.83,9262.0,2421.92,29063.08,1,2024
Values,3666.67,44000.0,0.0,0.0,0.0,0.0,0.0,0.0,174.16,2089.92,174.16,2089.92,341.0,4092.0,47.67,572.0,298.83,3586.0,84.33,1012.0,771.83,9262.0,2720.67,32648.08,3,2024
Values,3750.0,45000.0,0.0,0.0,0.0,0.0,0.0,0.0,522.5,6270.0,522.5,6270.0,348.75,4185.0,48.75,585.0,305.63,3667.5,70.31,843.75,773.44,9281.25,2454.06,29448.75,1,2023
Values,3750.0,45000.0,0.0,0.0,0.0,0.0,0.0,0.0,225.16,2701.92,225.16,2701.92,348.75,4185.0,48.75,585.0,305.63,3667.5,70.31,843.75,773.44,9281.25,2751.4,33016.83,3,2023
Values,3750.0,45000.0,0.0,0.0,0.0,0.0,0.0,0.0,493.25,5919.0,493.25,5919.0,348.75,4185.0,48.75,585.0,305.63,3667.5,86.25,1035.0,789.38,9472.5,2467.38,29608.5,1,2024
Values,3750.0,45000.0,0.0,0.0,0.0,0.0,0.0,0.0,190.33,2283.96,190.33,2283.96,348.75,4185.0,48.75,585.0,305.63,3667.5,86.25,1035.0,789.38,9472.5,2770.3,33243.54,3,2024
Values,3833.33,46000.0,0.0,0.0,0.0,0.0,0.0,0.0,543.75,6525.0,543.75,6525.0,356.5,4278.0,49.83,598.0,312.42,3749.0,71.88,862.5,790.63,9487.5,2498.96,29987.5,1,2023
Values,3833.33,46000.0,0.0,0.0,0.0,0.0,0.0,0.0,241.83,2901.96,241.83,2901.96,356.5,4278.0,49.83,598.0,312.42,3749.0,71.88,862.5,790.63,9487.5,2800.88,33610.54,3,2023
Values,3833.33,46000.0,0.0,0.0,0.0,0.0,0.0,0.0,513.83,6165.96,513.83,6165.96,356.5,4278.0,49.83,598.0,312.42,3749.0,88.17,1058.0,806.92,9683.0,2512.59,30151.04,1,2024
Values,3833.33,46000.0,0.0,0.0,0.0,0.0,0.0,0.0,206.5,2478.0,206.5,2478.0,356.5,4278.0,49.83,598.0,312.42,3749.0,88.17,1058.0,806.92,9683.0,2819.92,33839.0,3,2024
Values,3916.67,47000.0,0.0,0.0,0.0,0.0,0.0,0.0,565.25,6783.0,565.25,6783.0,364.25,4371.0,50.92,611.0,319.21,3830.5,73.44,881.25,807.81,9693.75,2543.6,30523.25,1,2023
Values,3916.67,47000.0,0.0,0.0,0.0,0.0,0.0,0.0,258.66,3103.92,258.66,3103.92,364.25,4371.0,50.92,611.0,319.21,3830.5,73.44,881.25,807.81,9693.75,2850.19,34202.33,3,2023
Values,3916.67,47000.0,0.0,0.0,0.0,0.0,0.0,0.0,534.58,6414.96,534.58,6414.96,364.25,4371.0,50.92,611.0,319.21,3830.5,90.08,1081.0,824.46,9893.5,2557.63,30691.54,1,2024
Values,3916.67,47000.0,0.0,0.0,0.0,0.0,0.0,0.0,222.83,2673.96,222.83,2673.96,364.25,4371.0,50.92,611.0,319.21,3830.5,90.08,1081.0,824.46,9893.5,2869.38,34432.54,3,2024
Values,4000.0,48000.0,0.0,0.0,0.0,0.0,0.0,0.0,586.91,7042.92,586.91,7042.92,372.0,4464.0,52.0,624.0,326.0,3912.0,75.0,900.0,825.0,9900.0,2588.09,31057.08,1,2023
Values,4000.0,48000.0,0.0,0.0,0.0,0.0,0.0,0.0,275.5,3306.0,275.5,3306.0,372.0,4464.0,52.0,624.0,326.0,3912.0,75.0,900.0,825.0,9900.0,2899.5,34794.0,3,2023
Values,4000.0,48000.0,0.0,0.0,0.0,0.0,0.0,0.0,555.58,6666.96,555.58,6666.96,372.0,4464.0,52.0,624.0,326.0,3912.0,92.0,1104.0,842.0,10104.0,2602.42,31229.04,1,2024
Values,4000.0,48000.0,0.0,0.0,0.0,0.0,0.0,0.0,239.33,2871.96,239.33,2871.96,372.0,4464.0,52.0,624.0,326.0,3912.0,92.0,1104.0,842.0,10104.0,2918.67,35024.04,3,2024
Values,4083.33,49000.0,0.0,0.0,0.0,0.0,0.0,0.0,608.83,7305.96,608.83,7305.96,379.75,4557.0,53.08,637.0,332.79,3993.5,76.56,918.75,842.19,10106.25,2632.32,31587.79,1,2023
Values,4083.33,49000.0,0.0,0.0,0.0,0.0,0.0,0.0,292.33,3507.96,292.33,3507.96,379.75,4557.0,53.08,637.0,332.79,3993.5,76.56,918.75,842.19,10106.25,2948.82,35385.79,3,2023
Values,4083.33,49000.0,0.0,0.0,0.0,0.0,0.0,0.0,576.66,6919.92,576.66,6919.92,379.75,4557.0,53.08,637.0,332.79,3993.5,93.92,1127.0,859.54,10314.5,2647.13,31765.58,1,2024
Values,4083.33,49000.0,0.0,0.0,0.0,0.0,0.0,0.0,255.83,3069.96,255.83,3069.96,379.75,4557.0,53.08,637.0,332.79,3993.5,93.92,1127.0,859.54,10314.5,2967.96,35615.54,3,2024
Values,4166.67,50000.0,0.0,0.0,0.0,0.0,0.0,0.0,630.91,7570.92,630.91,7570.92,387.5,4650.0,54.17,650.0,339.58,4075.0,78.13,937.5,859.38,10312.5,2676.38,32116.58,1,2023
Values,4166.67,50000.0,0.0,0.0,0.0,0.0,0.0,0.0,309.5,3714.0,309.5,3714.0,387.5,4650.0,54.17,650.0,339.58,4075.0,78.13,937.5,859.38,10312.5,2997.79,35973.5,3,2023
Values,4166.67,50000.0,0.0,0.0,0.0,0.0,0.0,0.0,598.08,7176.96,598.08,7176.96,387.5,4650.0,54.17,650.0,339.58,4075.0,95.83,1150.0,877.08,10525.0,2691.5,32298.04,1,2024
Values,4166.67,50000.0,0.0,0.0,0.0,0.0,0.0,0.0,272.5,3270.0,272.5,3270.0,387.5,4650.0,54.17,650.0,339.58,4075.0,95.83,1150.0,877.08,10525.0,3017.08,36205.0,3,2024
Values,4250.0,51000.0,0.0,0.0,0.0,0.0,0.0,0.0,653.25,7839.0,653.25,7839.0,395.25,4743.0,55.25,663.0,346.38,4156.5,79.69,956.25,876.56,10518.75,2720.19,32642.25,1,2023
Values,4250.0,51000.0,0.0,0.0,0.0,0.0,0.0,0.0,326.66,3919.92,326.66,3919.92,395.25,4743.0,55.25,663.0,346.38,4156.5,79.69,956.25,876.56,10518.75,3046.78,36561.33,3,2023
Values,4250.0,51000.0,0.0,0.0,0.0,0.0,0.0,0.0,619.58,7434.96,619.58,7434.96,395.25,4743.0,55.25,663.0,346.38,4156.5,97.75,1173.0,894.63,10735.5,2735.8,32829.54,1,2024
Values,4250.0,51000.0,0.0,0.0,0.0,0.0,0.0,0.0,289.33,3471.96,289.33,3471.96,395.25,4743.0,55.25,663.0,346.38,4156.5,97.75,1173.0,894.63,10735.5,3066.05,36792.54,3,2024
Values,4333.33,52000.0,0.0,0.0,0.0,0.0,0.0,0.0,675.75,8109.0,675.75,8109.0,403.0,4836.0,56.33,676.0,353.17,4238.0,81.25,975.0,893.75,10725.0,2763.83,33166.0,1,2023
Values,4333.33,52000.0,0.0,0.0,0.0,0.0,0.0,0.0,343.83,4125.96,343.83,4125.96,403.0,4836.0,56.33,676.0,353.17,4238.0,81.25,975.0,893.75,10725.0,3095.75,37149.04,3,2023
Values,4333.33,52000.0,0.0,0.0,0.0,0.0,0.0,0.0,641.33,7695.96,641.33,7695.96,403.0,4836.0,56.33,676.0,353.17,4238.0,99.67,1196.0,912.17,10946.0,2779.84,33358.04,1,2024
Values,4333.33,52000.0,0.0,0.0,0.0,0.0,0.0,0.0,306.16,3673.92,306.16,3673.92,403.0,4836.0,56.33,676.0,353.17,4238.0,99.67,1196.0,912.17,10946.0,3115.01,37380.08,3,2024
Values,4416.67,53000.0,0.0,0.0,0.0,0.0,0.0,0.0,698.5,8382.0,698.5,8382.0,410.75,4929.0,57.42,689.0,359.96,4319.5,82.81,993.75,910.94,10931.25,2807.23,33686.75,1,2023
Values,4416.67,53000.0,0.0,0.0,0.0,0.0,0.0,0.0,361.33,4335.96,361.33,4335.96,410.75,4929.0,57.42,689.0,359.96,4319.5,82.81,993.75,910.94,10931.25,3144.4,37732.79,3,2023
Values,4416.67,53000.0,0.0,0.0,0.0,0.0,0.0,0.0,663.25,7959.0,663.25,7959.0,410.75,4929.0,57.42,689.0,359.96,4319.5,101.58,1219.0,929.71,11156.5,2823.71,33884.5,1,2024
Values,4416.67,53000.0,0.0,0.0,0.0,0.0,0.0,0.0,323.0,3876.0,323.0,3876.0,410.75,4929.0,57.42,689.0,359.96,4319.5,101.58,1219.0,929.71,11156.5,3163.96,37967.5,3,2024
Values,4500.0,54000.0,0.0,0.0,0.0,0.0,0.0,0.0,721.41,8656.92,721.41,8656.92,418.5,5022.0,58.5,702.0,366.75,4401.0,84.38,1012.5,928.13,11137.5,2850.47,34205.58,1,2023
Values,4500.0,54000.0,0.0,0.0,0.0,0.0,0.0,0.0,378.83,4545.96,378.83,4545.96,418.5,5022.0,58.5,702.0,366.75,4401.0,84.38,1012.5,928.13,11137.5,3193.05,38316.54,3,2023
Values,4500.0,54000.0,0.0,0.0,0.0,0.0,0.0,0.0,685.41,8224.92,685.41,8224.92,418.5,5022.0,58.5,702.0,366.75,4401.0,103.5,1242.0,947.25,11367.0,2867.34,34408.08,1,2024
Values,4500.0,54000.0,0.0,0.0,0.0,0.0,0.0,0.0,340.16,4081.92,340.16,4081.92,418.5,5022.0,58.5,702.0,366.75,4401.0,103.5,1242.0,947.25,11367.0,3212.59,38551.08,3,2024
Values,4583.33,55000.0,0.0,0.0,0.0,0.0,0.0,0.0,744.58,8934.96,744.58,8934.96,426.25,5115.0,59.58,715.0,373.54,4482.5,85.94,1031.25,945.31,11343.75,2893.44,34721.29,1,2023
Values,4583.33,55000.0,0.0,0.0,0.0,0.0,0.0,0.0,396.33,4755.96,396.33,4755.96,426.25,5115.0,59.58,715.0,373.54,4482.5,85.94,1031.25,945.31,11343.75,3241.69,38900.29,3,2023
Values,4583.33,55000.0,0.0,0.0,0.0,0.0,0.0,0.0,707.66,8491.92,707.66,8491.92,426.25,5115.0,59.58,715.0,373.54,4482.5,105.42,1265.0,964.79,11577.5,2910.88,34930.58,1,2024
Values,4583.33,55000.0,0.0,0.0,0.0,0.0,0.0,0.0,357.33,4287.96,357.33,4287.96,426.25,5115.0,59.58,715.0,373.54,4482.5,105.42,1265.0,964.79,11577.5,3261.21,39134.54,3,2024
Values,4666.67,56000.0,0.0,0.0,0.0,0.0,0.0,0.0,768.0,9216.0,768.0,9216.0,434.0,5208.0,60.67,728.0,380.33,4564.0,87.5,1050.0,962.5,11550.0,2936.17,35234.0,1,2023
Values,4666.67,56000.0,0.0,0.0,0.0,0.0,0.0,0.0,414.0,4968.0,414.0,4968.0,434.0,5208.0,60.67,728.0,380.33,4564.0,87.5,1050.0,962.5,11550.0,3290.17,39482.0,3,2023
Values,4666.67,56000.0,0.0,0.0,0.0,0.0,0.0,0.0,730.25,8763.0,730.25,8763.0,434.0,5208.0,60.67,728.0,380.33,4564.0,107.33,1288.0,982.33,11788.0,2954.08,35449.0,1,2024
Values,4666.67,56000.0,0.0,0.0,0.0,0.0,0.0,0.0,374.5,4494.0,374.5,4494.0,434.0,5208.0,60.67,728.0,380.33,4564.0,107.33,1288.0,982.33,11788.0,3309.83,39718.0,3,2024
Values,4750.0,57000.0,0.0,0.0,0.0,0.0,0.0,0.0,791.5,9498.0,791.5,9498.0,441.75,5301.0,61.75,741.0,387.13,4645.5,89.06,1068.75,979.69,11756.25,2978.81,35745.75,1,2023
Values,4750.0,57000.0,0.0,0.0,0.0,0.0,0.0,0.0,431.83,5181.96,431.83,5181.96,441.75,5301.0,61.75,741.0,387.13,4645.5,89.06,1068.75,979.69,11756.25,3338.48,40061.79,3,2023
Values,4750.0,57000.0,0.0,0.0,0.0,0.0,0.0,0.0,752.91,9034.92,752.91,9034.92,441.75,5301.0,61.75,741.0,387.13,4645.5,109.25,1311.0,999.88,11998.5,2997.22,35966.58,1,2024
Values,4750.0,57000.0,0.0,0.0,0.0,0.0,0.0,0.0,391.83,4701.96,391.83,4701.96,441.75,5301.0,61.75,741.0,387.13,4645.5,109.25,1311.0,999.88,11998.5,3358.3,40299.54,3,2024
Values,4833.33,58000.0,0.0,0.0,0.0,0.0,0.0,0.0,815.33,9783.96,815.33,9783.96,449.5,5394.0,62.83,754.0,393.92,4727.0,90.63,1087.5,996.88,11962.5,3021.13,36253.54,1,2023
Values,4833.33,58000.0,0.0,0.0,0.0,0.0,0.0,0.0,449.66,5395.92,449.66,5395.92,449.5,5394.0,62.83,754.0,393.92,4727.0,90.63,1087.5,996.88,11962.5,3386.8,40641.58,3,2023
Values,4833.33,58000.0,0.0,0.0,0.0,0.0,0.0,0.0,775.83,9309.96,775.83,9309.96,449.5,5394.0,62.83,754.0,393.92,4727.0,111.17,1334.0,1017.42,12209.0,3040.09,36481.04,1,2024
Values,4833.33,58000.0,0.0,0.0,0.0,0.0,0.0,0.0,409.33,4911.96,409.33,4911.96,449.5,5394.0,62.83,754.0,393.92,4727.0,111.17,1334.0,1017.42,12209.0,3406.59,40879.04,3,2024
Values,4916.67,59000.0,0.0,0.0,0.0,0.0,0.0,0.0,839.33,10071.96,839.33,10071.96,457.25,5487.0,63.92,767.0,400.71,4808.5,92.19,1106.25,1014.06,12168.75,3063.27,36759.29,1,2023
Values,4916.67,59000.0,0.0,0.0,0.0,0.0,0.0,0.0,467.66,5611.92,467.66,5611.92,457.25,5487.0,63.92,767.0,400.71,4808.5,92.19,1106.25,1014.06,12168.75,3434.94,41219.33,3,2023
Values,4916.67,59000.0,0.0,0.0,0.0,0.0,0.0,0.0,798.91,9586.92,798.91,9586.92,457.25,5487.0,63.92,767.0,400.71,4808.5,113.08,1357.0,1034.96,12419.5,3082.8,36993.58,1,2024
Values,4916.67,59000.0,0.0,0.0,0.0,0.0,0.0,0.0,426.83,5121.96,426.83,5121.96,457.25,5487.0,63.92,767.0,400.71,4808.5,113.08,1357.0,1034.96,12419.5,3454.88,41458.54,3,2024
Values,5000.0,60000.0,0.0,0.0,0.0,0.0,0.0,0.0,864.0,10368.0,864.0,10368.0,465.0,5580.0,65.0,780.0,406.48,4877.78,93.52,1122.19,1030.0,12359.96,3106.0,37272.04,1,2023
Values,5000.0,60000.0,0.0,0.0,0.0,0.0,0.0,0.0,486.16,5833.92,486.16,5833.92,465.0,5580.0,65.0,780.0,406.48,4877.78,93.52,1122.19,1030.0,12359.96,3483.84,41806.12,3,2023
Values,5000.0,60000.0,0.0,0.0,0.0,0.0,0.0,0.0,822.25,9867.0,822.25,9867.0,465.0,5580.0,65.0,780.0,407.5,4890.0,115.0,1380.0,1052.5,12630.0,3125.25,37503.0,1,2024
Values,5000.0,60000.0,0.0,0.0,0.0,0.0,0.0,0.0,444.5,5334.0,444.5,5334.0,465.0,5580.0,65.0,780.0,407.5,4890.0,115.0,1380.0,1052.5,12630.0,3503.0,42036.0,3,2024
Values,5083.33,61000.0,0.0,0.0,0.0,0.0,0.0,0.0,891.33,10695.96,891.33,10695.96,472.75,5673.0,66.08,793.0,406.48,4877.78,93.52,1122.19,1038.83,12465.96,3153.17,37838.08,1,2023
Values,5083.33,61000.0,0.0,0.0,0.0,0.0,0.0,0.0,506.66,6079.92,506.66,6079.92,472.75,5673.0,66.08,793.0,406.48,4877.78,93.52,1122.19,1038.83,12465.96,3537.84,42454.12,3,2023
Values,5083.33,61000.0,0.0,0.0,0.0,0.0,0.0,0.0,845.75,10149.0,845.75,10149.0,472.75,5673.0,66.08,793.0,414.29,4971.5,116.92,1403.0,1070.04,12840.5,3167.54,38010.5,1,2024
Values,5083.33,61000.0,0.0,0.0,0.0,0.0,0.0,0.0,462.16,5545.92,462.16,5545.92,472.75,5673.0,66.08,793.0,414.29,4971.5,116.92,1403.0,1070.04,12840.5,3551.13,42613.58,3,2024
Values,5166.67,62000.0,0.0,0.0,0.0,0.0,0.0,0.0,919.0,11028.0,919.0,11028.0,480.5,5766.0,67.17,806.0,406.48,4877.78,93.52,1122.19,1047.66,12571.96,3200.0,38400.04,1,2023
Values,5166.67,62000.0,0.0,0.0,0.0,0.0,0.0,0.0,527.16,6325.92,527.16,6325.92,480.5,5766.0,67.17,806.0,406.48,4877.78,93.52,1122.19,1047.66,12571.96,3591.84,43102.12,3,2023
Values,5166.67,62000.0,0.0,0.0,0.0,0.0,0.0,0.0,869.41,10432.92,869.41,10432.92,480.5,5766.0,67.17,806.0,421.08,5053.0,118.83,1426.0,1087.58,13051.0,3209.67,38516.08,1,2024
Values,5166.67,62000.0,0.0,0.0,0.0,0.0,0.0,0.0,480.0,5760.0,480.0,5760.0,480.5,5766.0,67.17,806.0,421.08,5053.0,118.83,1426.0,1087.58,13051.0,3599.08,43189.0,3,2024
Values,5250.0,63000.0,0.0,0.0,0.0,0.0,0.0,0.0,946.91,11362.92,946.91,11362.92,488.25,5859.0,68.25,819.0,406.48,4877.78,93.52,1122.19,1056.5,12677.96,3246.59,38959.12,1,2023
Values,5250.0,63000.0,0.0,0.0,0.0,0.0,0.0,0.0,547.83,6573.96,547.83,6573.96,488.25,5859.0,68.25,819.0,406.48,4877.78,93.52,1122.19,1056.5,12677.96,3645.67,43748.08,3,2023
Values,5250.0,63000.0,0.0,0.0,0.0,0.0,0.0,0.0,896.08,10752.96,896.08,10752.96,488.25,5859.0,68.25,819.0,421.76,5061.15,119.03,1428.3,1097.29,13167.45,3256.63,39079.59,1,2024
Values,5250.0,63000.0,0.0,0.0,0.0,0.0,0.0,0.0,499.83,5997.96,499.83,5997.96,488.25,5859.0,68.25,819.0,421.76,5061.15,119.03,1428.3,1097.29,13167.45,3652.88,43834.59,3,2024
Values,5333.33,64000.0,0.0,0.0,0.0,0.0,0.0,0.0,975.0,11700.0,975.0,11700.0,496.0,5952.0,69.33,832.0,406.48,4877.78,93.52,1122.19,1065.33,12783.96,3293.0,39516.04,1,2023
Values,5333.33,64000.0,0.0,0.0,0.0,0.0,0.0,0.0,568.66,6823.92,568.66,6823.92,496.0,5952.0,69.33,832.0,406.48,4877.78,93.52,1122.19,1065.33,12783.96,3699.34,44392.12,3,2023
Values,5333.33,64000.0,0.0,0.0,0.0,0.0,0.0,0.0,923.16,11077.92,923.16,11077.92,496.0,5952.0,69.33,832.0,421.76,5061.15,119.03,1428.3,1106.12,13273.45,3304.05,39648.63,1,2024
Values,5333.33,64000.0,0.0,0.0,0.0,0.0,0.0,0.0,520.16,6241.92,520.16,6241.92,496.0,5952.0,69.33,832.0,421.76,5061.15,119.03,1428.3,1106.12,13273.45,3707.05,44484.63,3,2024
Values,5416.67,65000.0,0.0,0.0,0.0,0.0,0.0,0.0,1003.5,12042.0,1003.5,12042.0,503.75,6045.0,70.42,845.0,406.48,4877.78,93.52,1122.19,1074.16,12889.96,3339.0,40068.04,1,2023
Values,5416.67,65000.0,0.0,0.0,0.0,0.0,0.0,0.0,589.66,7075.92,589.66,7075.92,503.75,6045.0,70.42,845.0,406.48,4877.78,93.52,1122.19,1074.16,12889.96,3752.84,45034.12,3,2023
Values,5416.67,65000.0,0.0,0.0,0.0,0.0,0.0,0.0,950.58,11406.96,950.58,11406.96,503.75,6045.0,70.42,845.0,421.76,5061.15,119.03,1428.3,1114.95,13379.45,3351.13,40213.59,1,2024
Values,5416.67,65000.0,0.0,0.0,0.0,0.0,0.0,0.0,540.66,6487.92,540.66,6487.92,503.75,6045.0,70.42,845.0,421.76,5061.15,119.03,1428.3,1114.95,13379.45,3761.05,45132.63,3,2024
Values,5500.0,66000.0,0.0,0.0,0.0,0.0,0.0,0.0,1032.16,12385.92,1032.16,12385.92,511.5,6138.0,71.5,858.0,406.48,4877.78,93.52,1122.19,1083.0,12995.96,3384.84,40618.12,1,2023
Values,5500.0,66000.0,0.0,0.0,0.0,0.0,0.0,0.0,610.66,7327.92,610.66,7327.92,511.5,6138.0,71.5,858.0,406.48,4877.78,93.52,1122.19,1083.0,12995.96,3806.34,45676.12,3,2023
Values,5500.0,66000.0,0.0,0.0,0.0,0.0,0.0,0.0,978.25,11739.0,978.25,11739.0,511.5,6138.0,71.5,858.0,421.76,5061.15,119.03,1428.3,1123.79,13485.45,3397.96,40775.55,1,2024
Values,5500.0,66000.0,0.0,0.0,0.0,0.0,0.0,0.0,561.16,6733.92,561.16,6733.92,511.5,6138.0,71.5,858.0,421.76,5061.15,119.03,1428.3,1123.79,13485.45,3815.05,45780.63,3,2024
Values,5583.33,67000.0,0.0,0.0,0.0,0.0,0.0,0.0,1061.08,12732.96,1061.08,12732.96,519.25,6231.0,72.58,871.0,406.48,4877.78,93.52,1122.19,1091.83,13101.96,3430.42,41165.08,1,2023
Values,5583.33,67000.0,0.0,0.0,0.0,0.0,0.0,0.0,631.83,7581.96,631.83,7581.96,519.25,6231.0,72.58,871.0,406.48,4877.78,93.52,1122.19,1091.83,13101.96,3859.67,46316.08,3,2023
Values,5583.33,67000.0,0.0,0.0,0.0,0.0,0.0,0.0,1006.16,12073.92,1006.16,12073.92,519.25,6231.0,72.58,871.0,421.76,5061.15,119.03,1428.3,1132.62,13591.45,3444.55,41334.63,1,2024
Values,5583.33,67000.0,0.0,0.0,0.0,0.0,0.0,0.0,581.83,6981.96,581.83,6981.96,519.25,6231.0,72.58,871.0,421.76,5061.15,119.03,1428.3,1132.62,13591.45,3868.88,46426.59,3,2024
Values,5666.67,68000.0,0.0,0.0,0.0,0.0,0.0,0.0,1090.33,13083.96,1090.33,13083.96,527.0,6324.0,73.67,884.0,406.48,4877.78,93.52,1122.19,1100.66,13207.96,3475.67,41708.08,1,2023
Values,5666.67,68000.0,0.0,0.0,0.0,0.0,0.0,0.0,653.16,7837.92,653.16,7837.92,527.0,6324.0,73.67,884.0,406.48,4877.78,93.52,1122.19,1100.66,13207.96,3912.84,46954.12,3,2023
Values,5666.67,68000.0,0.0,0.0,0.0,0.0,0.0,0.0,1034.33,12411.96,1034.33,12411.96,527.0,6324.0,73.67,884.0,421.76,5061.15,119.03,1428.3,1141.45,13697.45,3490.88,41890.59,1,2024
Values,5666.67,68000.0,0.0,0.0,0.0,0.0,0.0,0.0,602.66,7231.92,602.66,7231.92,527.0,6324.0,73.67,884.0,421.76,5061.15,119.03,1428.3,1141.45,13697.45,3922.55,47070.63,3,2024
Values,5750.0,69000.0,0.0,0.0,0.0,0.0,0.0,0.0,1119.83,13437.96,1119.83,13437.96,534.75,6417.0,74.75,897.0,406.48,4877.78,93.52,1122.19,1109.5,13313.96,3520.67,42248.08,1,2023
Values,5750.0,69000.0,0.0,0.0,0.0,0.0,0.0,0.0,674.66,8095.92,674.66,8095.92,534.75,6417.0,74.75,897.0,406.48,4877.78,93.52,1122.19,1109.5,13313.96,3965.84,47590.12,3,2023
Values,5750.0,69000.0,0.0,0.0,0.0,0.0,0.0,0.0,1062.75,12753.0,1062.75,12753.0,534.75,6417.0,74.75,897.0,421.76,5061.15,119.03,1428.3,1150.29,13803.45,3536.96,42443.55,1,2024
Values,5750.0,69000.0,0.0,0.0,0.0,0.0,0.0,0.0,623.66,7483.92,623.66,7483.92,534.75,6417.0,74.75,897.0,421.76,5061.15,119.03,1428.3,1150.29,13803.45,3976.05,47712.63,3,2024
Values,5833.33,70000.0,0.0,0.0,0.0,0.0,0.0,0.0,1149.5,13794.0,1149.5,13794.0,542.5,6510.0,75.83,910.0,406.48,4877.78,93.52,1122.19,1118.33,13419.96,3565.5,42786.04,1,2023
Values,5833.33,70000.0,0.0,0.0,0.0,0.0,0.0,0.0,696.33,8355.96,696.33,8355.96,542.5,6510.0,75.83,910.0,406.48,4877.78,93.52,1122.19,1118.33,13419.96,4018.67,48224.08,3,2023
Values,5833.33,70000.0,0.0,0.0,0.0,0.0,0.0,0.0,1091.33,13095.96,1091.33,13095.96,542.5,6510.0,75.83,910.0,421.76,5061.15,119.03,1428.3,1159.12,13909.45,3582.88,42994.59,1,2024
Values,5833.33,70000.0,0.0,0.0,0.0,0.0,0.0,0.0,644.66,7735.92,644.66,7735.92,542.5,6510.0,75.83,910.0,421.76,5061.15,119.03,1428.3,1159.12,13909.45,4029.55,48354.63,3,2024
Values,5916.67,71000.0,0.0,0.0,0.0,0.0,0.0,0.0,1179.58,14154.96,1179.58,14154.96,550.25,6603.0,76.92,923.0,406.48,4877.78,93.52,1122.19,1127.16,13525.96,3609.92,43319.08,1,2023
Values,5916.67,71000.0,0.0,0.0,0.0,0.0,0.0,0.0,718.0,8616.0,718.0,8616.0,550.25,6603.0,76.92,923.0,406.48,4877.78,93.52,1122.19,1127.16,13525.96,4071.5,48858.04,3,2023
Values,5916.67,71000.0,0.0,0.0,0.0,0.0,0.0,0.0,1120.33,13443.96,1120.33,13443.96,550.25,6603.0,76.92,923.0,421.76,5061.15,119.03,1428.3,1167.95,14015.45,3628.38,43540.59,1,2024
Values,5916.67,71000.0,0.0,0.0,0.0,0.0,0.0,0.0,665.83,7989.96,665.83,7989.96,550.25,6603.0,76.92,923.0,421.76,5061.15,119.03,1428.3,1167.95,14015.45,4082.88,48994.59,3,2024
Values,6000.0,72000.0,0.0,0.0,0.0,0.0,0.0,0.0,1209.83,14517.96,1209.83,14517.96,558.0,6696.0,78.0,936.0,406.48,4877.78,93.52,1122.19,1136.0,13631.96,3654.17,43850.08,1,2023
Values,6000.0,72000.0,0.0,0.0,0.0,0.0,0.0,0.0,739.83,8877.96,739.83,8877.96,558.0,6696.0,78.0,936.0,406.48,4877.78,93.52,1122.19,1136.0,13631.96,4124.17,49490.08,3,2023
Values,6000.0,72000.0,0.0,0.0,0.0,0.0,0.0,0.0,1149.41,13792.92,1149.41,13792.92,558.0,6696.0,78.0,936.0,421.76,5061.15,119.03,1428.3,1176.79,14121.45,3673.8,44085.63,1,2024
Values,6000.0,72000.0,0.0,0.0,0.0,0.0,0.0,0.0,687.16,8245.92,687.16,8245.92,558.0,6696.0,78.0,936.0,421.76,5061.15,119.03,1428.3,1176.79,14121.45,4136.05,49632.63,3,2024
Values,6083.33,73000.0,0.0,0.0,0.0,0.0,0.0,0.0,1240.33,14883.96,1240.33,14883.96,565.75,6789.0,79.08,949.0,406.48,4877.78,93.52,1122.19,1144.83,13737.96,3698.17,44378.08,1,2023
Values,6083.33,73000.0,0.0,0.0,0.0,0.0,0.0,0.0,761.83,9141.96,761.83,9141.96,565.75,6789.0,79.08,949.0,406.48,4877.78,93.52,1122.19,1144.83,13737.96,4176.67,50120.08,3,2023
Values,6083.33,73000.0,0.0,0.0,0.0,0.0,0.0,0.0,1178.83,14145.96,1178.83,14145.96,565.75,6789.0,79.08,949.0,421.76,5061.15,119.03,1428.3,1185.62,14227.45,3718.88,44626.59,1,2024
Values,6083.33,73000.0,0.0,0.0,0.0,0.0,0.0,0.0,708.66,8503.92,708.66,8503.92,565.75,6789.0,79.08,949.0,421.76,5061.15,119.03,1428.3,1185.62,14227.45,4189.05,50268.63,3,2024
Values,6166.67,74000.0,0.0,0.0,0.0,0.0,0.0,0.0,1271.16,15253.92,1271.16,15253.92,573.5,6882.0,80.17,962.0,406.48,4877.78,93.52,1122.19,1153.66,13843.96,3741.84,44902.12,1,2023
Values,6166.67,74000.0,0.0,0.0,0.0,0.0,0.0,0.0,784.0,9408.0,784.0,9408.0,573.5,6882.0,80.17,962.0,406.48,4877.78,93.52,1122.19,1153.66,13843.96,4229.0,50748.04,3,2023
Values,6166.67,74000.0,0.0,0.0,0.0,0.0,0.0,0.0,1208.5,14502.0,1208.5,14502.0,573.5,6882.0,80.17,962.0,421.76,5061.15,119.03,1428.3,1194.45,14333.45,3763.71,45164.55,1,2024
Values,6166.67,74000.0,0.0,0.0,0.0,0.0,0.0,0.0,730.16,8761.92,730.16,8761.92,573.5,6882.0,80.17,962.0,421.76,5061.15,119.03,1428.3,1194.45,14333.45,4242.05,50904.63,3,2024
Values,6250.0,75000.0,0.0,0.0,0.0,0.0,0.0,0.0,1302.25,15627.0,1302.25,15627.0,581.25,6975.0,81.25,975.0,406.48,4877.78,93.52,1122.19,1162.5,13949.96,3785.25,45423.04,1,2023
Values,6250.0,75000.0,0.0,0.0,0.0,0.0,0.0,0.0,806.33,9675.96,806.33,9675.96,581.25,6975.0,81.25,975.0,406.48,4877.78,93.52,1122.19,1162.5,13949.96,4281.17,51374.08,3,2023
Values,6250.0,75000.0,0.0,0.0,0.0,0.0,0.0,0.0,1238.41,14860.92,1238.41,14860.92,581.25,6975.0,81.25,975.0,421.76,5061.15,119.03,1428.3,1203.29,14439.45,3808.3,45699.63,1,2024
Values,6250.0,75000.0,0.0,0.0,0.0,0.0,0.0,0.0,751.83,9021.96,751.83,9021.96,581.25,6975.0,81.25,975.0,421.76,5061.15,119.03,1428.3,1203.29,14439.45,4294.88,51538.59,3,2024
Values,6333.33,76000.0,0.0,0.0,0.0,0.0,0.0,0.0,1333.58,16002.96,1333.58,16002.96,589.0,7068.0,82.33,988.0,406.48,4877.78,93.52,1122.19,1171.33,14055.96,3828.42,45941.08,1,2023
Values,6333.33,76000.0,0.0,0.0,0.0,0.0,0.0,0.0,828.66,9943.92,828.66,9943.92,589.0,7068.0,82.33,988.0,406.48,4877.78,93.52,1122.19,1171.33,14055.96,4333.34,52000.12,3,2023
Values,6333.33,76000.0,0.0,0.0,0.0,0.0,0.0,0.0,1268.5,15222.0,1268.5,15222.0,589.0,7068.0,82.33,988.0,421.76,5061.15,119.03,1428.3,1212.12,14545.45,3852.71,46232.55,1,2024
Values,6333.33,76000.0,0.0,0.0,0.0,0.0,0.0,0.0,773.66,9283.92,773.66,9283.92,589.0,7068.0,82.33,988.0,421.76,5061.15,119.03,1428.3,1212.12,14545.45,4347.55,52170.63,3,2024
Values,6416.67,77000.0,0.0,0.0,0.0,0.0,0.0,0.0,1365.16,16381.92,1365.16,16381.92,596.75,7161.0,83.42,1001.0,406.48,4877.78,93.52,1122.19,1180.16,14161.96,3871.34,46456.12,1,2023
Values,6416.67,77000.0,0.0,0.0,0.0,0.0,0.0,0.0,851.16,10213.92,851.16,10213.92,596.75,7161.0,83.42,1001.0,406.48,4877.78,93.52,1122.19,1180.16,14161.96,4385.34,52624.12,3,2023
Values,6416.67,77000.0,0.0,0.0,0.0,0.0,0.0,0.0,1298.91,15586.92,1298.91,15586.92,596.75,7161.0,83.42,1001.0,421.76,5061.15,119.03,1428.3,1220.95,14651.45,3896.8,46761.63,1,2024
Values,6416.67,77000.0,0.0,0.0,0.0,0.0,0.0,0.0,795.5,9546.0,795.5,9546.0,596.75,7161.0,83.42,1001.0,421.76,5061.15,119.03,1428.3,1220.95,14651.45,4400.21,52802.55,3,2024
Values,6500.0,78000.0,0.0,0.0,0.0,0.0,0.0,0.0,1396.91,16762.92,1396.91,16762.92,604.5,7254.0,84.5,1014.0,406.48,4877.78,93.52,1122.19,1189.0,14267.96,3914.09,46969.12,1,2023
Values,6500.0,78000.0,0.0,0.0,0.0,0.0,0.0,0.0,873.83,10485.96,873.83,10485.96,604.5,7254.0,84.5,1014.0,406.48,4877.78,93.52,1122.19,1189.0,14267.96,4437.17,53246.08,3,2023
Values,6500.0,78000.0,0.0,0.0,0.0,0.0,0.0,0.0,1329.58,15954.96,1329.58,15954.96,604.5,7254.0,84.5,1014.0,421.76,5061.15,119.03,1428.3,1229.79,14757.45,3940.63,47287.59,1,2024
Values,6500.0,78000.0,0.0,0.0,0.0,0.0,0.0,0.0,817.66,9811.92,817.66,9811.92,604.5,7254.0,84.5,1014.0,421.76,5061.15,119.03,1428.3,1229.79,14757.45,4452.55,53430.63,3,2024
Values,6583.33,79000.0,0.0,0.0,0.0,0.0,0.0,0.0,1428.66,17143.92,1428.66,17143.92,612.25,7347.0,85.58,1027.0,406.48,4877.78,93.52,1122.19,1197.83,14373.96,3956.84,47482.12,1,2023
Values,6583.33,79000.0,0.0,0.0,0.0,0.0,0.0,0.0,896.66,10759.92,896.66,10759.92,612.25,7347.0,85.58,1027.0,406.48,4877.78,93.52,1122.19,1197.83,14373.96,4488.84,53866.12,3,2023
Values,6583.33,79000.0,0.0,0.0,0.0,0.0,0.0,0.0,1360.41,16324.92,1360.41,16324.92,612.25,7347.0,85.58,1027.0,421.76,5061.15,119.03,1428.3,1238.62,14863.45,3984.3,47811.63,1,2024
Values,6583.33,79000.0,0.0,0.0,0.0,0.0,0.0,0.0,839.83,10077.96,839.83,10077.96,612.25,7347.0,85.58,1027.0,421.76,5061.15,119.03,1428.3,1238.62,14863.45,4504.88,54058.59,3,2024
Values,6666.67,80000.0,0.0,0.0,0.0,0.0,0.0,0.0,1460.41,17524.92,1460.41,17524.92,620.0,7440.0,86.67,1040.0,406.48,4877.78,93.52,1122.19,1206.66,14479.96,3999.59,47995.12,1,2023
Values,6666.67,80000.0,0.0,0.0,0.0,0.0,0.0,0.0,919.5,11034.0,919.5,11034.0,620.0,7440.0,86.67,1040.0,406.48,4877.78,93.52,1122.19,1206.66,14479.96,4540.5,54486.04,3,2023
Values,6666.67,80000.0,0.0,0.0,0.0,0.0,0.0,0.0,1391.58,16698.96,1391.58,16698.96,620.0,7440.0,86.67,1040.0,421.76,5061.15,119.03,1428.3,1247.45,14969.45,4027.63,48331.59,1,2024
Values,6666.67,80000.0,0.0,0.0,0.0,0.0,0.0,0.0,862.16,10345.92,862.16,10345.92,620.0,7440.0,86.67,1040.0,421.76,5061.15,119.03,1428.3,1247.45,14969.45,4557.05,54684.63,3,2024
Values,6750.0,81000.0,0.0,0.0,3.6,43.2,0.0,0.0,1492.16,17905.92,1495.76,17949.12,627.75,7533.0,87.75,1053.0,406.48,4877.78,93.52,1122.19,1215.5,14585.96,4038.74,48464.92,1,2023
Values,6750.0,81000.0,0.0,0.0,0.0,0.0,0.0,0.0,942.66,11311.92,942.66,11311.92,627.75,7533.0,87.75,1053.0,406.48,4877.78,93.52,1122.19,1215.5,14585.96,4591.84,55102.12,3,2023
Values,6750.0,81000.0,0.0,0.0,0.0,0.0,0.0,0.0,1423.0,17076.0,1423.0,17076.0,627.75,7533.0,87.75,1053.0,421.76,5061.15,119.03,1428.3,1256.29,15075.45,4070.71,48848.55,1,2024
Values,6750.0,81000.0,0.0,0.0,0.0,0.0,0.0,0.0,884.5,10614.0,884.5,10614.0,627.75,7533.0,87.75,1053.0,421.76,5061.15,119.03,1428.3,1256.29,15075.45,4609.21,55310.55,3,2024
Values,6833.33,82000.0,0.0,0.0,7.37,88.44,0.0,0.0,1523.91,18286.92,1531.28,18375.36,635.5,7626.0,88.83,1066.0,406.48,4877.78,93.52,1122.19,1224.33,14691.96,4077.72,48932.68,1,2023
Values,6833.33,82000.0,0.0,0.0,0.0,0.0,0.0,0.0,965.83,11589.96,965.83,11589.96,635.5,7626.0,88.83,1066.0,406.48,4877.78,93.52,1122.19,1224.33,14691.96,4643.17,55718.08,3,2023
Values,6833.33,82000.0,0.0,0.0,0.0,0.0,0.0,0.0,1454.58,17454.96,1454.58,17454.96,635.5,7626.0,88.83,1066.0,421.76,5061.15,119.03,1428.3,1265.12,15181.45,4113.63,49363.59,1,2024
Values,6833.33,82000.0,0.0,0.0,0.0,0.0,0.0,0.0,907.0,10884.0,907.0,10884.0,635.5,7626.0,88.83,1066.0,421.76,5061.15,119.03,1428.3,1265.12,15181.45,4661.21,55934.55,3,2024
Values,6916.67,83000.0,0.0,0.0,11.15,133.8,0.0,0.0,1555.66,18667.92,1566.81,18801.72,643.25,7719.0,89.92,1079.0,406.48,4877.78,93.52,1122.19,1233.16,14797.96,4116.69,49400.32,1,2023
Values,6916.67,83000.0,0.0,0.0,0.0,0.0,0.0,0.0,989.16,11869.92,989.16,11869.92,643.25,7719.0,89.92,1079.0,406.48,4877.78,93.52,1122.19,1233.16,14797.96,4694.34,56332.12,3,2023
Values,6916.67,83000.0,0.0,0.0,0.0,0.0,0.0,0.0,1486.33,17835.96,1486.33,17835.96,643.25,7719.0,89.92,1079.0,421.76,5061.15,119.03,1428.3,1273.95,15287.45,4156.38,49876.59,1,2024
Values,6916.67,83000.0,0.0,0.0,0.0,0.0,0.0,0.0,929.66,11155.92,929.66,11155.92,643.25,7719.0,89.92,1079.0,421.76,5061.15,119.03,1428.3,1273.95,15287.45,4713.05,56556.63,3,2024
Values,7000.0,84000.0,0.0,0.0,14.93,179.16,0.0,0.0,1587.41,19048.92,1602.34,19228.08,651.0,7812.0,91.0,1092.0,406.48,4877.78,93.52,1122.19,1242.0,14903.96,4155.66,49867.96,1,2023
Values,7000.0,84000.0,0.0,0.0,0.0,0.0,0.0,0.0,1012.5,12150.0,1012.5,12150.0,651.0,7812.0,91.0,1092.0,406.48,4877.78,93.52,1122.19,1242.0,14903.96,4745.5,56946.04,3,2023
Values,7000.0,84000.0,0.0,0.0,0.86,10.32,0.0,0.0,1518.08,18216.96,1518.94,18227.28,651.0,7812.0,91.0,1092.0,421.76,5061.15,119.03,1428.3,1282.79,15393.45,4198.27,50379.27,1,2024
Values,7000.0,84000.0,0.0,0.0,0.0,0.0,0.0,0.0,952.5,11430.0,952.5,11430.0,651.0,7812.0,91.0,1092.0,421.76,5061.15,119.03,1428.3,1282.79,15393.45,4764.71,57176.55,3,2024
Values,7083.33,85000.0,0.0,0.0,18.71,224.52,0.0,0.0,1619.16,19429.92,1637.87,19654.44,658.75,7905.0,92.08,1105.0,406.48,4877.78,93.52,1122.19,1250.83,15009.96,4194.63,50335.6,1,2023
Values,7083.33,85000.0,0.0,0.0,0.0,0.0,0.0,0.0,1036.16,12433.92,1036.16,12433.92,658.75,7905.0,92.08,1105.0,406.48,4877.78,93.52,1122.19,1250.83,15009.96,4796.34,57556.12,3,2023
Values,7083.33,85000.0,0.0,0.0,4.64,55.68,0.0,0.0,1549.83,18597.96,1554.47,18653.64,658.75,7905.0,92.08,1105.0,421.76,5061.15,119.03,1428.3,1291.62,15499.45,4237.24,50846.91,1,2024
Values,7083.33,85000.0,0.0,0.0,0.0,0.0,0.0,0.0,975.5,11706.0,975.5,11706.0,658.75,7905.0,92.08,1105.0,421.76,5061.15,119.03,1428.3,1291.62,15499.45,4816.21,57794.55,3,2024
Values,7166.67,86000.0,0.0,0.0,22.49,269.88,0.0,0.0,1650.91,19810.92,1673.4,20080.8,666.5,7998.0,93.17,1118.0,406.48,4877.78,93.52,1122.19,1259.66,15115.96,4233.6,50803.24,1,2023
Values,7166.67,86000.0,0.0,0.0,0.0,0.0,0.0,0.0,1059.83,12717.96,1059.83,12717.96,666.5,7998.0,93.17,1118.0,406.48,4877.78,93.52,1122.19,1259.66,15115.96,4847.17,58166.08,3,2023
Values,7166.67,86000.0,0.0,0.0,8.41,100.92,0.0,0.0,1581.58,18978.96,1589.99,19079.88,666.5,7998.0,93.17,1118.0,421.76,5061.15,119.03,1428.3,1300.45,15605.45,4276.22,51314.67,1,2024
Values,7166.67,86000.0,0.0,0.0,0.0,0.0,0.0,0.0,998.5,11982.0,998.5,11982.0,666.5,7998.0,93.17,1118.0,421.76,5061.15,119.03,1428.3,1300.45,15605.45,4867.71,58412.55,3,2024
Values,7250.0,87000.0,0.0,0.0,26.26,315.12,0.0,0.0,1682.66,20191.92,1708.92,20507.04,674.25,8091.0,94.25,1131.0,406.48,4877.78,93.52,1122.19,1268.5,15221.96,4272.58,51271.0,1,2023
Values,7250.0,87000.0,0.0,0.0,0.0,0.0,0.0,0.0,1083.83,13005.96,1083.83,13005.96,674.25,8091.0,94.25,1131.0,406.48,4877.78,93.52,1122.19,1268.5,15221.96,4897.67,58772.08,3,2023
Values,7250.0,87000.0,0.0,0.0,12.19,146.28,0.0,0.0,1613.33,19359.96,1625.52,19506.24,674.25,8091.0,94.25,1131.0,421.76,5061.15,119.03,1428.3,1309.29,15711.45,4315.19,51782.31,1,2024
Values,7250.0,87000.0,0.0,0.0,0.0,0.0,0.0,0.0,1021.66,12259.92,1021.66,12259.92,674.25,8091.0,94.25,1131.0,421.76,5061.15,119.03,1428.3,1309.29,15711.45,4919.05,59028.63,3,2024
Values,7333.33,88000.0,0.0,0.0,30.19,362.28,0.0,0.0,1715.66,20587.92,1745.85,20950.2,678.9,8146.8,94.9,1138.8,406.48,4877.78,93.52,1122.19,1273.8,15285.56,4313.69,51764.24,1,2023
Values,7333.33,88000.0,0.0,0.0,0.0,0.0,0.0,0.0,1108.66,13303.92,1108.66,13303.92,678.9,8146.8,94.9,1138.8,406.48,4877.78,93.52,1122.19,1273.8,15285.56,4950.88,59410.52,3,2023
Values,7333.33,88000.0,0.0,0.0,15.97,191.64,0.0,0.0,1645.08,19740.96,1661.05,19932.6,682.0,8184.0,95.33,1144.0,421.76,5061.15,119.03,1428.3,1318.12,15817.45,4354.16,52249.95,1,2024
Values,7333.33,88000.0,0.0,0.0,0.0,0.0,0.0,0.0,1045.0,12540.0,1045.0,12540.0,682.0,8184.0,95.33,1144.0,421.76,5061.15,119.03,1428.3,1318.12,15817.45,4970.21,59642.55,3,2024
Values,7416.67,89000.0,0.0,0.0,34.36,412.32,0.0,0.0,1750.66,21007.92,1785.02,21420.24,678.9,8146.8,94.9,1138.8,406.48,4877.78,93.52,1122.19,1273.8,15285.56,4357.85,52294.2,1,2023
Values,7416.67,89000.0,0.0,0.0,0.0,0.0,0.0,0.0,1135.33,13623.96,1135.33,13623.96,678.9,8146.8,94.9,1138.8,406.48,4877.78,93.52,1122.19,1273.8,15285.56,5007.54,60090.48,3,2023
Values,7416.67,89000.0,0.0,0.0,19.75,237.0,0.0,0.0,1676.83,20121.96,1696.58,20358.96,689.75,8277.0,96.42,1157.0,421.76,5061.15,119.03,1428.3,1326.95,15923.45,4393.13,52717.59,1,2024
Values,7416.67,89000.0,0.0,0.0,0.0,0.0,0.0,0.0,1068.33,12819.96,1068.33,12819.96,689.75,8277.0,96.42,1157.0,421.76,5061.15,119.03,1428.3,1326.95,15923.45,5021.38,60256.59,3,2024
Values,7500.0,90000.0,0.0,0.0,38.52,462.24,0.0,0.0,1785.66,21427.92,1824.18,21890.16,678.9,8146.8,94.9,1138.8,406.48,4877.78,93.52,1122.19,1273.8,15285.56,4402.02,52824.28,1,2023
Values,7500.0,90000.0,0.0,0.0,0.0,0.0,0.0,0.0,1162.0,13944.0,1162.0,13944.0,678.9,8146.8,94.9,1138.8,406.48,4877.78,93.52,1122.19,1273.8,15285.56,5064.2,60770.44,3,2023
Values,7500.0,90000.0,0.0,0.0,23.53,282.36,0.0,0.0,1708.58,20502.96,1732.11,20785.32,697.5,8370.0,97.5,1170.0,421.76,5061.15,119.03,1428.3,1335.79,16029.45,4432.1,53185.23,1,2024
Values,7500.0,90000.0,0.0,0.0,0.0,0.0,0.0,0.0,1091.83,13101.96,1091.83,13101.96,697.5,8370.0,97.5,1170.0,421.76,5061.15,119.03,1428.3,1335.79,16029.45,5072.38,60868.59,3,2024
Values,7583.33,91000.0,0.0,0.0,42.69,512.28,0.0,0.0,1820.66,21847.92,1863.35,22360.2,678.9,8146.8,94.9,1138.8,406.48,4877.78,93.52,1122.19,1273.8,15285.56,4446.19,53354.24,1,2023
Values,7583.33,91000.0,0.0,0.0,0.0,0.0,0.0,0.0,1189.0,14268.0,1189.0,14268.0,678.9,8146.8,94.9,1138.8,406.48,4877.78,93.52,1122.19,1273.8,15285.56,5120.54,61446.44,3,2023
Values,7583.33,91000.0,0.0,0.0,27.45,329.4,0.0,0.0,1741.58,20898.96,1769.03,21228.36,702.15,8425.8,98.15,1177.8,421.76,5061.15,119.03,1428.3,1341.09,16093.05,4473.22,53678.59,1,2024
Values,7583.33,91000.0,0.0,0.0,0.0,0.0,0.0,0.0,1116.5,13398.0,1116.5,13398.0,702.15,8425.8,98.15,1177.8,421.76,5061.15,119.03,1428.3,1341.09,16093.05,5125.75,61508.95,3,2024
Values,7666.67,92000.0,0.0,0.0,46.85,562.2,0.0,0.0,1855.66,22267.92,1902.51,22830.12,678.9,8146.8,94.9,1138.8,406.48,4877.78,93.52,1122.19,1273.8,15285.56,4490.36,53884.32,1,2023
Values,7666.67,92000.0,0.0,0.0,0.0,0.0,0.0,0.0,1216.0,14592.0,1216.0,14592.0,678.9,8146.8,94.9,1138.8,406.48,4877.78,93.52,1122.19,1273.8,15285.56,5176.87,62122.44,3,2023
Values,7666.67,92000.0,0.0,0.0,31.62,379.44,0.0,0.0,1776.58,21318.96,1808.2,21698.4,702.15,8425.8,98.15,1177.8,421.76,5061.15,119.03,1428.3,1341.09,16093.05,4517.38,54208.55,1,2024
Values,7666.67,92000.0,0.0,0.0,0.0,0.0,0.0,0.0,1142.83,13713.96,1142.83,13713.96,702.15,8425.8,98.15,1177.8,421.76,5061.15,119.03,1428.3,1341.09,16093.05,5182.75,62192.99,3,2024
Values,7750.0,93000.0,0.0,0.0,51.02,612.24,0.0,0.0,1890.66,22687.92,1941.68,23300.16,678.9,8146.8,94.9,1138.8,406.48,4877.78,93.52,1122.19,1273.8,15285.56,4534.52,54414.28,1,2023
Values,7750.0,93000.0,0.0,0.0,0.0,0.0,0.0,0.0,1243.33,14919.96,1243.33,14919.96,678.9,8146.8,94.9,1138.8,406.48,4877.78,93.52,1122.19,1273.8,15285.56,5232.87,62794.48,3,2023
Values,7750.0,93000.0,0.0,0.0,35.78,429.36,0.0,0.0,1811.58,21738.96,1847.36,22168.32,702.15,8425.8,98.15,1177.8,421.76,5061.15,119.03,1428.3,1341.09,16093.05,4561.55,54738.63,1,2024
Values,7750.0,93000.0,0.0,0.0,0.0,0.0,0.0,0.0,1169.16,14029.92,1169.16,14029.92,702.15,8425.8,98.15,1177.8,421.76,5061.15,119.03,1428.3,1341.09,16093.05,5239.75,62877.03,3,2024
Values,7833.33,94000.0,0.0,0.0,55.18,662.16,0.0,0.0,1925.66,23107.92,1980.84,23770.08,678.9,8146.8,94.9,1138.8,406.48,4877.78,93.52,1122.19,1273.8,15285.56,4578.7,54944.36,1,2023
Values,7833.33,94000.0,0.0,0.0,0.0,0.0,0.0,0.0,1270.66,15247.92,1270.66,15247.92,678.9,8146.8,94.9,1138.8,406.48,4877.78,93.52,1122.19,1273.8,15285.56,5288.88,63466.52,3,2023
Values,7833.33,94000.0,0.0,0.0,39.95,479.4,0.0,0.0,1846.58,22158.96,1886.53,22638.36,702.15,8425.8,98.15,1177.8,421.76,5061.15,119.03,1428.3,1341.09,16093.05,4605.72,55268.59,1,2024
Values,7833.33,94000.0,0.0,0.0,0.0,0.0,0.0,0.0,1195.66,14347.92,1195.66,14347.92,702.15,8425.8,98.15,1177.8,421.76,5061.15,119.03,1428.3,1341.09,16093.05,5296.59,63559.03,3,2024
Values,7916.67,95000.0,0.0,0.0,59.35,712.2,0.0,0.0,1960.66,23527.92,2020.01,24240.12,678.9,8146.8,94.9,1138.8,406.48,4877.78,93.52,1122.19,1273.8,15285.56,4622.86,55474.32,1,2023
Values,7916.67,95000.0,0.0,0.0,0.0,0.0,0.0,0.0,1298.33,15579.96,1298.33,15579.96,678.9,8146.8,94.9,1138.8,406.48,4877.78,93.52,1122.19,1273.8,15285.56,5344.54,64134.48,3,2023
Values,7916.67,95000.0,0.0,0.0,44.11,529.32,0.0,0.0,1881.58,22578.96,1925.69,23108.28,702.15,8425.8,98.15,1177.8,421.76,5061.15,119.03,1428.3,1341.09,16093.05,4649.89,55798.67,1,2024
Values,7916.67,95000.0,0.0,0.0,0.0,0.0,0.0,0.0,1222.33,14667.96,1222.33,14667.96,702.15,8425.8,98.15,1177.8,421.76,5061.15,119.03,1428.3,1341.09,16093.05,5353.25,64238.99,3,2024
Values,8000.0,96000.0,0.0,0.0,63.51,762.12,0.0,0.0,1995.66,23947.92,2059.17,24710.04,678.9,8146.8,94.9,1138.8,406.48,4877.78,93.52,1122.19,1273.8,15285.56,4667.03,56004.4,1,2023
Values,8000.0,96000.0,0.0,0.0,0.0,0.0,0.0,0.0,1326.0,15912.0,1326.0,15912.0,678.9,8146.8,94.9,1138.8,406.48,4877.78,93.52,1122.19,1273.8,15285.56,5400.2,64802.44,3,2023
Values,8000.0,96000.0,0.0,0.0,48.28,579.36,0.0,0.0,1916.58,22998.96,1964.86,23578.32,702.15,8425.8,98.15,1177.8,421.76,5061.15,119.03,1428.3,1341.09,16093.05,4694.05,56328.63,1,2024
Values,8000.0,96000.0,0.0,0.0,0.0,0.0,0.0,0.0,1249.33,14991.96,1249.33,14991.96,702.15,8425.8,98.15,1177.8,421.76,5061.15,119.03,1428.3,1341.09,16093.05,5409.58,64914.99,3,2024
Values,8083.33,97000.0,0.0,0.0,67.68,812.16,0.0,0.0,2030.66,24367.92,2098.34,25180.08,678.9,8146.8,94.9,1138.8,406.48,4877.78,93.52,1122.19,1273.8,15285.56,4711.2,56534.36,1,2023
Values,8083.33,97000.0,0.0,0.0,0.0,0.0,0.0,0.0,1353.83,16245.96,1353.83,16245.96,678.9,8146.8,94.9,1138.8,406.48,4877.78,93.52,1122.19,1273.8,15285.56,5455.71,65468.48,3,2023
Values,8083.33,97000.0,0.0,0.0,52.44,629.28,0.0,0.0,1951.58,23418.96,2004.02,24048.24,702.15,8425.8,98.15,1177.8,421.76,5061.15,119.03,1428.3,1341.09,16093.05,4738.23,56858.71,1,2024
Values,8083.33,97000.0,0.0,0.0,0.0,0.0,0.0,0.0,1276.16,15313.92,1276.16,15313.92,702.15,8425.8,98.15,1177.8,421.76,5061.15,119.03,1428.3,1341.09,16093.05,5466.09,65593.03,3,2024
Values,8166.67,98000.0,0.0,0.0,71.84,862.08,0.0,0.0,2065.66,24787.92,2137.5,25650.0,678.9,8146.8,94.9,1138.8,406.48,4877.78,93.52,1122.19,1273.8,15285.56,4755.37,57064.44,1,2023
Values,8166.67,98000.0,0.0,0.0,0.0,0.0,0.0,0.0,1382.0,16584.0,1382.0,16584.0,678.9,8146.8,94.9,1138.8,406.48,4877.78,93.52,1122.19,1273.8,15285.56,5510.87,66130.44,3,2023
Values,8166.67,98000.0,0.0,0.0,56.61,679.32,0.0,0.0,1986.58,23838.96,2043.19,24518.28,702.15,8425.8,98.15,1177.8,421.76,5061.15,119.03,1428.3,1341.09,16093.05,4782.39,57388.67,1,2024
Values,8166.67,98000.0,0.0,0.0,0.0,0.0,0.0,0.0,1303.33,15639.96,1303.33,15639.96,702.15,8425.8,98.15,1177.8,421.76,5061.15,119.03,1428.3,1341.09,16093.05,5522.25,66266.99,3,2024
Values,8250.0,99000.0,0.0,0.0,76.01,912.12,0.0,0.0,2100.66,25207.92,2176.67,26120.04,678.9,8146.8,94.9,1138.8,406.48,4877.78,93.52,1122.19,1273.8,15285.56,4799.53,57594.4,1,2023
Values,8250.0,99000.0,0.0,0.0,0.0,0.0,0.0,0.0,1410.16,16921.92,1410.16,16921.92,678.9,8146.8,94.9,1138.8,406.48,4877.78,93.52,1122.19,1273.8,15285.56,5566.04,66792.52,3,2023
Values,8250.0,99000.0,0.0,0.0,60.77,729.24,0.0,0.0,2021.58,24258.96,2082.35,24988.2,702.15,8425.8,98.15,1177.8,421.76,5061.15,119.03,1428.3,1341.09,16093.05,4826.56,57918.75,1,2024
Values,8250.0,99000.0,0.0,0.0,0.0,0.0,0.0,0.0,1330.66,15967.92,1330.66,15967.92,702.15,8425.8,98.15,1177.8,421.76,5061.15,119.03,1428.3,1341.09,16093.05,5578.25,66939.03,3,2024
Values,8333.33,100000.0,0.0,0.0,80.17,962.04,0.0,0.0,2135.66,25627.92,2215.83,26589.96,678.9,8146.8,94.9,1138.8,406.48,4877.78,93.52,1122.19,1273.8,15285.56,4843.71,58124.48,1,2023
Values,8333.33,100000.0,0.0,0.0,0.0,0.0,0.0,0.0,1438.5,17262.0,1438.5,17262.0,678.9,8146.8,94.9,1138.8,406.48,4877.78,93.52,1122.19,1273.8,15285.56,5621.04,67452.44,3,2023
Values,8333.33,100000.0,0.0,0.0,64.94,779.28,0.0,0.0,2056.58,24678.96,2121.52,25458.24,702.15,8425.8,98.15,1177.8,421.76,5061.15,119.03,1428.3,1341.09,16093.05,4870.73,58448.71,1,2024
Values,8333.33,100000.0,0.0,0.0,0.0,0.0,0.0,0.0,1358.16,16297.92,1358.16,16297.92,702.15,8425.8,98.15,1177.8,421.76,5061.15,119.03,1428.3,1341.09,16093.05,5634.09,67609.03,3,2024
Values,8416.67,101000.0,0.0,0.0,84.34,1012.08,0.0,0.0,2170.66,26047.92,2255.0,27060.0,678.9,8146.8,94.9,1138.8,406.48,4877.78,93.52,1122.19,1273.8,15285.56,4887.87,58654.44,1,2023
Values,8416.67,101000.0,0.0,0.0,0.0,0.0,0.0,0.0,1467.0,17604.0,1467.0,17604.0,678.9,8146.8,94.9,1138.8,406.48,4877.78,93.52,1122.19,1273.8,15285.56,5675.87,68110.44,3,2023
Values,8416.67,101000.0,0.0,0.0,69.1,829.2,0.0,0.0,2091.58,25098.96,2160.68,25928.16,702.15,8425.8,98.15,1177.8,421.76,5061.15,119.03,1428.3,1341.09,16093.05,4914.9,58978.79,1,2024
Values,8416.67,101000.0,0.0,0.0,0.0,0.0,0.0,0.0,1385.66,16627.92,1385.66,16627.92,702.15,8425.8,98.15,1177.8,421.76,5061.15,119.03,1428.3,1341.09,16093.05,5689.92,68279.03,3,2024
Values,8500.0,102000.0,0.0,0.0,88.5,1062.0,0.0,0.0,2205.66,26467.92,2294.16,27529.92,678.9,8146.8,94.9,1138.8,406.48,4877.78,93.52,1122.19,1273.8,15285.56,4932.04,59184.52,1,2023
Values,8500.0,102000.0,0.0,0.0,0.0,0.0,0.0,0.0,1495.66,17947.92,1495.66,17947.92,678.9,8146.8,94.9,1138.8,406.48,4877.78,93.52,1122.19,1273.8,15285.56,5730.54,68766.52,3,2023
Values,8500.0,102000.0,0.0,0.0,73.27,879.24,0.0,0.0,2126.58,25518.96,2199.85,26398.2,702.15,8425.8,98.15,1177.8,421.76,5061.15,119.03,1428.3,1341.09,16093.05,4959.06,59508.75,1,2024
Values,8500.0,102000.0,0.0,0.0,0.0,0.0,0.0,0.0,1413.5,16962.0,1413.5,16962.0,702.15,8425.8,98.15,1177.8,421.76,5061.15,119.03,1428.3,1341.09,16093.05,5745.41,68944.95,3,2024
Values,8583.33,103000.0,0.0,0.0,92.67,1112.04,0.0,0.0,2240.66,26887.92,2333.33,27999.96,678.9,8146.8,94.9,1138.8,406.48,4877.78,93.52,1122.19,1273.8,15285.56,4976.21,59714.48,1,2023
Values,8583.33,103000.0,0.0,0.0,0.0,0.0,0.0,0.0,1524.5,18294.0,1524.5,18294.0,678.9,8146.8,94.9,1138.8,406.48,4877.78,93.52,1122.19,1273.8,15285.56,5785.04,69420.44,3,2023
Values,8583.33,103000.0,0.0,0.0,77.43,929.16,0.0,0.0,2161.58,25938.96,2239.01,26868.12,702.15,8425.8,98.15,1177.8,421.76,5061.15,119.03,1428.3,1341.09,16093.05,5003.24,60038.83,1,2024
Values,8583.33,103000.0,0.0,0.0,0.0,0.0,0.0,0.0,1441.33,17295.96,1441.33,17295.96,702.15,8425.8,98.15,1177.8,421.76,5061.15,119.03,1428.3,1341.09,16093.05,5800.92,69610.99,3,2024
Values,8666.67,104000.0,0.0,0.0,96.83,1161.96,0.0,0.0,2275.66,27307.92,2372.49,28469.88,678.9,8146.8,94.9,1138.8,406.48,4877.78,93.52,1122.19,1273.8,15285.56,5020.38,60244.56,1,2023
Values,8666.67,104000.0,0.0,0.0,0.0,0.0,0.0,0.0,1553.5,18642.0,1553.5,18642.0,678.9,8146.8,94.9,1138.8,406.48,4877.78,93.52,1122.19,1273.8,15285.56,5839.37,70072.44,3,2023
Values,8666.67,104000.0,0.0,0.0,81.6,979.2,0.0,0.0,2196.58,26358.96,2278.18,27338.16,702.15,8425.8,98.15,1177.8,421.76,5061.15,119.03,1428.3,1341.09,16093.05,5047.4,60568.79,1,2024
Values,8666.67,104000.0,0.0,0.0,0.0,0.0,0.0,0.0,1469.5,17634.0,1469.5,17634.0,702.15,8425.8,98.15,1177.8,421.76,5061.15,119.03,1428.3,1341.09,16093.05,5856.08,70272.95,3,2024
Values,8750.0,105000.0,0.0,0.0,101.0,1212.0,0.0,0.0,2310.66,27727.92,2411.66,28939.92,678.9,8146.8,94.9,1138.8,406.48,4877.78,93.52,1122.19,1273.8,15285.56,5064.54,60774.52,1,2023
Values,8750.0,105000.0,0.0,0.0,0.0,0.0,0.0,0.0,1582.66,18991.92,1582.66,18991.92,678.9,8146.8,94.9,1138.8,406.48,4877.78,93.52,1122.19,1273.8,15285.56,5893.54,70722.52,3,2023
Values,8750.0,105000.0,0.0,0.0,85.76,1029.12,0.0,0.0,2231.58,26778.96,2317.34,27808.08,702.15,8425.8,98.15,1177.8,421.76,5061.15,119.03,1428.3,1341.09,16093.05,5091.57,61098.87,1,2024
Values,8750.0,105000.0,0.0,0.0,0.0,0.0,0.0,0.0,1497.66,17971.92,1497.66,17971.92,702.15,8425.8,98.15,1177.8,421.76,5061.15,119.03,1428.3,1341.09,16093.05,5911.25,70935.03,3,2024
Values,8833.33,106000.0,0.0,0.0,105.16,1261.92,0.0,0.0,2345.66,28147.92,2450.82,29409.84,678.9,8146.8,94.9,1138.8,406.48,4877.78,93.52,1122.19,1273.8,15285.56,5108.72,61304.6,1,2023
Values,8833.33,106000.0,0.0,0.0,0.0,0.0,0.0,0.0,1612.0,19344.0,1612.0,19344.0,678.9,8146.8,94.9,1138.8,406.48,4877.78,93.52,1122.19,1273.8,15285.56,5947.54,71370.44,3,2023
Values,8833.33,106000.0,0.0,0.0,89.93,1079.16,0.0,0.0,2266.58,27198.96,2356.51,28278.12,702.15,8425.8,98.15,1177.8,421.76,5061.15,119.03,1428.3,1341.09,16093.05,5135.74,61628.83,1,2024
Values,8833.33,106000.0,0.0,0.0,0.0,0.0,0.0,0.0,1526.0,18312.0,1526.0,18312.0,702.15,8425.8,98.15,1177.8,421.76,5061.15,119.03,1428.3,1341.09,16093.05,5966.25,71594.95,3,2024
Values,8916.67,107000.0,0.0,0.0,109.33,1311.96,0.0,0.0,2380.66,28567.92,2489.99,29879.88,678.9,8146.8,94.9,1138.8,406.48,4877.78,93.52,1122.19,1273.8,15285.56,5152.88,61834.56,1,2023
Values,8916.67,107000.0,0.0,0.0,0.0,0.0,0.0,0.0,1641.5,19698.0,1641.5,19698.0,678.9,8146.8,94.9,1138.8,406.48,4877.78,93.52,1122.19,1273.8,15285.56,6001.37,72016.44,3,2023
Values,8916.67,107000.0,0.0,0.0,94.09,1129.08,0.0,0.0,2301.58,27618.96,2395.67,28748.04,702.15,8425.8,98.15,1177.8,421.76,5061.15,119.03,1428.3,1341.09,16093.05,5179.91,62158.91,1,2024
Values,8916.67,107000.0,0.0,0.0,0.0,0.0,0.0,0.0,1554.5,18654.0,1554.5,18654.0,702.15,8425.8,98.15,1177.8,421.76,5061.15,119.03,1428.3,1341.09,16093.05,6021.08,72252.95,3,2024
Values,9000.0,108000.0,0.0,0.0,113.49,1361.88,0.0,0.0,2415.66,28987.92,2529.15,30349.8,678.9,8146.8,94.9,1138.8,406.48,4877.78,93.52,1122.19,1273.8,15285.56,5197.05,62364.64,1,2023
Values,9000.0,108000.0,0.0,0.0,0.0,0.0,0.0,0.0,1671.16,20053.92,1671.16,20053.92,678.9,8146.8,94.9,1138.8,406.48,4877.78,93.52,1122.19,1273.8,15285.56,6055.04,72660.52,3,2023
Values,9000.0,108000.0,0.0,0.0,98.26,1179.12,0.0,0.0,2336.58,28038.96,2434.84,29218.08,702.15,8425.8,98.15,1177.8,421.76,5061.15,119.03,1428.3,1341.09,16093.05,5224.07,62688.87,1,2024
Values,9000.0,108000.0,0.0,0.0,0.0,0.0,0.0,0.0,1583.16,18997.92,1583.16,18997.92,702.15,8425.8,98.15,1177.8,421.76,5061.15,119.03,1428.3,1341.09,16093.05,6075.75,72909.03,3,2024
Values,9083.33,109000.0,0.0,0.0,117.66,1411.92,0.0,0.0,2450.66,29407.92,2568.32,30819.84,678.9,8146.8,94.9,1138.8,406.48,4877.78,93.52,1122.19,1273.8,15285.56,5241.22,62894.6,1,2023
Values,9083.33,109000.0,0.0,0.0,0.0,0.0,0.0,0.0,1701.0,20412.0,1701.0,20412.0,678.9,8146.8,94.9,1138.8,406.48,4877.78,93.52,1122.19,1273.8,15285.56,6108.54,73302.44,3,2023
Values,9083.33,109000.0,0.0,0.0,102.42,1229.04,0.0,0.0,2371.58,28458.96,2474.0,29688.0,702.15,8425.8,98.15,1177.8,421.76,5061.15,119.03,1428.3,1341.09,16093.05,5268.25,63218.95,1,2024
Values,9083.33,109000.0,0.0,0.0,0.0,0.0,0.0,0.0,1612.0,19344.0,1612.0,19344.0,702.15,8425.8,98.15,1177.8,421.76,5061.15,119.03,1428.3,1341.09,16093.05,6130.25,73562.95,3,2024
Values,9166.67,110000.0,0.0,0.0,121.82,1461.84,0.0,0.0,2485.66,29827.92,2607.48,31289.76,678.9,8146.8,94.9,1138.8,406.48,4877.78,93.52,1122.19,1273.8,15285.56,5285.39,63424.68,1,2023
Values,9166.67,110000.0,0.0,0.0,0.0,0.0,0.0,0.0,1731.0,20772.0,1731.0,20772.0,678.9,8146.8,94.9,1138.8,406.48,4877.78,93.52,1122.19,1273.8,15285.56,6161.87,73942.44,3,2023
Values,9166.67,110000.0,0.0,0.0,106.59,1279.08,0.0,0.0,2406.58,28878.96,2513.17,30158.04,702.15,8425.8,98.15,1177.8,421.76,5061.15,119.03,1428.3,1341.09,16093.05,5312.41,63748.91,1,2024
Values,9166.67,110000.0,0.0,0.0,0.0,0.0,0.0,0.0,1641.0,19692.0,1641.0,19692.0,702.15,8425.8,98.15,1177.8,421.76,5061.15,119.03,1428.3,1341.09,16093.05,6184.58,74214.95,3,2024
Values,9250.0,111000.0,0.0,0.0,125.99,1511.88,0.0,0.0,2520.66,30247.92,2646.65,31759.8,678.9,8146.8,94.9,1138.8,406.48,4877.78,93.52,1122.19,1273.8,15285.56,5329.55,63954.64,1,2023
Values,9250.0,111000.0,0.0,0.0,0.0,0.0,0.0,0.0,1761.0,21132.0,1761.0,21132.0,678.9,8146.8,94.9,1138.8,406.48,4877.78,93.52,1122.19,1273.8,15285.56,6215.2,74582.44,3,2023
Values,9250.0,111000.0,0.0,0.0,110.75,1329.0,0.0,0.0,2441.58,29298.96,2552.33,30627.96,702.15,8425.8,98.15,1177.8,421.76,5061.15,119.03,1428.3,1341.09,16093.05,5356.58,64278.99,1,2024
Values,9250.0,111000.0,0.0,0.0,0.0,0.0,0.0,0.0,1670.0,20040.0,1670.0,20040.0,702.15,8425.8,98.15,1177.8,421.76,5061.15,119.03,1428.3,1341.09,16093.05,6238.91,74866.95,3,2024
Values,9333.33,112000.0,0.0,0.0,130.15,1561.8,0.0,0.0,2555.66,30667.92,2685.81,32229.72,678.9,8146.8,94.9,1138.8,406.48,4877.78,93.52,1122.19,1273.8,15285.56,5373.73,64484.72,1,2023
Values,9333.33,112000.0,0.0,0.0,0.0,0.0,0.0,0.0,1791.33,21495.96,1791.33,21495.96,678.9,8146.8,94.9,1138.8,406.48,4877.78,93.52,1122.19,1273.8,15285.56,6268.21,75218.48,3,2023
Values,9333.33,112000.0,0.0,0.0,114.92,1379.04,0.0,0.0,2476.58,29718.96,2591.5,31098.0,702.15,8425.8,98.15,1177.8,421.76,5061.15,119.03,1428.3,1341.09,16093.05,5400.75,64808.95,1,2024
Values,9333.33,112000.0,0.0,0.0,0.0,0.0,0.0,0.0,1699.33,20391.96,1699.33,20391.96,702.15,8425.8,98.15,1177.8,421.76,5061.15,119.03,1428.3,1341.09,16093.05,6292.92,75514.99,3,2024
Values,9416.67,113000.0,0.0,0.0,134.32,1611.84,0.0,0.0,2590.66,31087.92,2724.98,32699.76,678.9,8146.8,94.9,1138.8,406.48,4877.78,93.52,1122.19,1273.8,15285.56,5417.89,65014.68,1,2023
Values,9416.67,113000.0,0.0,0.0,0.0,0.0,0.0,0.0,1821.83,21861.96,1821.83,21861.96,678.9,8146.8,94.9,1138.8,406.48,4877.78,93.52,1122.19,1273.8,15285.56,6321.04,75852.48,3,2023
Values,9416.67,113000.0,0.0,0.0,119.08,1428.96,0.0,0.0,2511.58,30138.96,2630.66,31567.92,702.15,8425.8,98.15,1177.8,421.76,5061.15,119.03,1428.3,1341.09,16093.05,5444.92,65339.03,1,2024
Values,9416.67,113000.0,0.0,0.0,0.0,0.0,0.0,0.0,1728.66,20743.92,1728.66,20743.92,702.15,8425.8,98.15,1177.8,421.76,5061.15,119.03,1428.3,1341.09,16093.05,6346.92,76163.03,3,2024
Values,9500.0,114000.0,0.0,0.0,138.48,1661.76,0.0,0.0,2625.66,31507.92,2764.14,33169.68,678.9,8146.8,94.9,1138.8,406.48,4877.78,93.52,1122.19,1273.8,15285.56,5462.06,65544.76,1,2023
Values,9500.0,114000.0,0.0,0.0,0.0,0.0,0.0,0.0,1852.5,22230.0,1852.5,22230.0,678.9,8146.8,94.9,1138.8,406.48,4877.78,93.52,1122.19,1273.8,15285.56,6373.7,76484.44,3,2023
Values,9500.0,114000.0,0.0,0.0,123.25,1479.0,0.0,0.0,2546.58,30558.96,2669.83,32037.96,702.15,8425.8,98.15,1177.8,421.76,5061.15,119.03,1428.3,1341.09,16093.05,5489.08,65868.99,1,2024
Values,9500.0,114000.0,0.0,0.0,0.0,0.0,0.0,0.0,1758.33,21099.96,1758.33,21099.96,702.15,8425.8,98.15,1177.8,421.76,5061.15,119.03,1428.3,1341.09,16093.05,6400.58,76806.99,3,2024
Values,9583.33,115000.0,0.0,0.0,142.65,1711.8,0.0,0.0,2660.66,31927.92,2803.31,33639.72,678.9,8146.8,94.9,1138.8,406.48,4877.78,93.52,1122.19,1273.8,15285.56,5506.23,66074.72,1,2023
Values,9583.33,115000.0,0.0,0.0,0.0,0.0,0.0,0.0,1883.16,22597.92,1883.16,22597.92,678.9,8146.8,94.9,1138.8,406.48,4877.78,93.52,1122.19,1273.8,15285.56,6426.38,77116.52,3,2023
Values,9583.33,115000.0,0.0,0.0,127.41,1528.92,0.0,0.0,2581.58,30978.96,2708.99,32507.88,702.15,8425.8,98.15,1177.8,421.76,5061.15,119.03,1428.3,1341.09,16093.05,5533.26,66399.07,1,2024
Values,9583.33,115000.0,0.0,0.0,0.0,0.0,0.0,0.0,1788.0,21456.0,1788.0,21456.0,702.15,8425.8,98.15,1177.8,421.76,5061.15,119.03,1428.3,1341.09,16093.05,6454.25,77450.95,3,2024
Values,9666.67,116000.0,0.0,0.0,146.81,1761.72,0.0,0.0,2695.66,32347.92,2842.47,34109.64,678.9,8146.8,94.9,1138.8,406.48,4877.78,93.52,1122.19,1273.8,15285.56,5550.4,66604.8,1,2023
Values,9666.67,116000.0,0.0,0.0,0.0,0.0,0.0,0.0,1914.16,22969.92,1914.16,22969.92,678.9,8146.8,94.9,1138.8,406.48,4877.78,93.52,1122.19,1273.8,15285.56,6478.71,77744.52,3,2023
Values,9666.67,116000.0,0.0,0.0,131.58,1578.96,0.0,0.0,2616.58,31398.96,2748.16,32977.92,702.15,8425.8,98.15,1177.8,421.76,5061.15,119.03,1428.3,1341.09,16093.05,5577.42,66929.03,1,2024
Values,9666.67,116000.0,0.0,0.0,0.0,0.0,0.0,0.0,1817.83,21813.96,1817.83,21813.96,702.15,8425.8,98.15,1177.8,421.76,5061.15,119.03,1428.3,1341.09,16093.05,6507.75,78092.99,3,2024
Values,9750.0,117000.0,0.0,0.0,150.18,1802.16,0.0,0.0,2730.66,32767.92,2880.84,34570.08,678.9,8146.8,94.9,1138.8,406.48,4877.78,93.52,1122.19,1273.8,15285.56,5595.36,67144.36,1,2023
Values,9750.0,117000.0,0.0,0.0,0.0,0.0,0.0,0.0,1945.16,23341.92,1945.16,23341.92,678.9,8146.8,94.9,1138.8,406.48,4877.78,93.52,1122.19,1273.8,15285.56,6531.04,78372.52,3,2023
Values,9750.0,117000.0,0.0,0.0,135.74,1628.88,0.0,0.0,2651.58,31818.96,2787.32,33447.84,702.15,8425.8,98.15,1177.8,421.76,5061.15,119.03,1428.3,1341.09,16093.05,5621.59,67459.11,1,2024
Values,9750.0,117000.0,0.0,0.0,0.0,0.0,0.0,0.0,1847.83,22173.96,1847.83,22173.96,702.15,8425.8,98.15,1177.8,421.76,5061.15,119.03,1428.3,1341.09,16093.05,6561.08,78732.99,3,2024
Values,9833.33,118000.0,0.0,0.0,152.11,1825.32,0.0,0.0,2765.66,33187.92,2917.77,35013.24,678.9,8146.8,94.9,1138.8,406.48,4877.78,93.52,1122.19,1273.8,15285.56,5641.77,67701.2,1,2023
Values,9833.33,118000.0,0.0,0.0,0.0,0.0,0.0,0.0,1976.5,23718.0,1976.5,23718.0,678.9,8146.8,94.9,1138.8,406.48,4877.78,93.52,1122.19,1273.8,15285.56,6583.04,78996.44,3,2023
Values,9833.33,118000.0,0.0,0.0,139.91,1678.92,0.0,0.0,2686.58,32238.96,2826.49,33917.88,702.15,8425.8,98.15,1177.8,421.76,5061.15,119.03,1428.3,1341.09,16093.05,5665.76,67989.07,1,2024
Values,9833.33,118000.0,0.0,0.0,0.0,0.0,0.0,0.0,1878.0,22536.0,1878.0,22536.0,702.15,8425.8,98.15,1177.8,421.76,5061.15,119.03,1428.3,1341.09,16093.05,6614.25,79370.95,3,2024
Values,9916.67,119000.0,0.0,0.0,154.03,1848.36,0.0,0.0,2800.66,33607.92,2954.69,35456.28,678.9,8146.8,94.9,1138.8,406.48,4877.78,93.52,1122.19,1273.8,15285.56,5688.18,68258.16,1,2023
Values,9916.67,119000.0,0.0,0.0,0.0,0.0,0.0,0.0,2007.83,24093.96,2007.83,24093.96,678.9,8146.8,94.9,1138.8,406.48,4877.78,93.52,1122.19,1273.8,15285.56,6635.04,79620.48,3,2023
Values,9916.67,119000.0,0.0,0.0,144.07,1728.84,0.0,0.0,2721.58,32658.96,2865.65,34387.8,702.15,8425.8,98.15,1177.8,421.76,5061.15,119.03,1428.3,1341.09,16093.05,5709.93,68519.15,1,2024
Values,9916.67,119000.0,0.0,0.0,0.0,0.0,0.0,0.0,1908.33,22899.96,1908.33,22899.96,702.15,8425.8,98.15,1177.8,421.76,5061.15,119.03,1428.3,1341.09,16093.05,6667.25,80006.99,3,2024
